SMILES,pIC50
CC(=O)[C@]1(O)Cc2c(O)c3c(c(O)c2[C@@H](O[C@H]2C[C@H]([NH3+])[C@H](O)[C@H](C)O2)C1)C(=O)c1ccccc1C3=O,-2.355173156
O=C(Nc1cnn2ccc(N3CCC[C@@H]3c3cc(F)ccc3F)nc12)N1CC[C@H](O)C1,-2.680393572
CONC(=O)Nc1ccc(-c2sc3c(c2C[NH+](C)C)c(=O)n(-c2ccc(OC)nn2)c(=O)n3Cc2c(F)cccc2F)cc1,-2.763002369
OC[C@H]1O[C@@H](n2cnc3c2N=CNC[C@H]3O)C[C@@H]1O,-2.535329579
C=CC(=O)Nc1cc(Nc2ncc(C(=O)OC(C)C)c(-c3cn(C)c4ccccc34)n2)c(OC)cc1N(C)CC[NH+](C)C,-2.620635606
[NH3+]CCNc1ccc(NCC[NH3+])c2c1C(=O)c1ccncc1C2=O,-2.701761207
Nc1nc(Cl)nc2c1ncn2[C@H]1C[C@H](O)[C@@H](CO)O1,-2.742454591
C#Cc1cccc(Nc2ncnc3cc(OCCOC)c(OCCOC)cc23)c1,-2.586112407
Cn1cnc2c(F)c(Nc3ccc(Br)cc3F)c(C(=O)NOCCO)cc21,-2.761951546
Nc1nc(Cl)nc2c1ncn2[C@@H]1O[C@H](CO)[C@@H](O)[C@@H]1F,-2.842722285
CCn1c(=O)c(-c2cc(NC(=O)Nc3ccccc3)c(F)cc2Br)cc2cnc(NC)cc21,-2.752928997
Cc1cn(-c2cc(NC(=O)c3ccc(C)c(Nc4nccc(-c5cccnc5)n4)c3)cc(C(F)(F)F)c2)c[nH+]1,-2.62158048
COc1ccc(C[N@@H+]2[C@@H]3C[C@H]2CN(c2ccc(-c4cc(OCC(C)(C)O)cn5ncc(C#N)c45)cn2)C3)cn1,-2.167613353
CN(C)C(=O)c1cc2cnc(Nc3ccc(N4CC[NH2+]CC4)cn3)nc2n1C1CCCC1,-2.789448406
CC[C@H]1c2cc3[nH+]c(c(CC(=O)OC)c4nc(cc5[nH]c(cc([nH]2)[C@@H]1C)c(C(C)=O)c5C)[C@@H](C)[C@@H]4CCC(=O)O)C(C(=O)NCCS(=O)(=O)[O-])=C3C,-2.565437837
C=CC(=O)N1CC[C@H](n2nc(C#Cc3cc(OC)cc(OC)c3)c3c(N)ncnc32)C1,-2.750450911
COc1cccc2c1C(=O)c1c(O)c3c(c(O)c1C2=O)C[C@@](O)(C(=O)CO)C[C@@H]3O[C@H]1C[C@H]([NH3+])[C@@H](O)[C@H](C)O1,-2.366471341
CCCS(=O)(=O)[N-]c1ccc(F)c(C(=O)c2c[nH]c3ncc(-c4ccc(Cl)cc4)cc23)c1F,-2.586820618
Cc1ccc(Nc2nccc(N(C)c3ccc4c(C)n(C)nc4c3)n2)cc1S(N)(=O)=O,-2.571895586
CCCCC(=O)OCC(=O)[C@]1(O)Cc2c(O)c3c(c(O)c2[C@@H](O[C@H]2C[C@H](NC(=O)C(F)(F)F)[C@H](O)[C@H](C)O2)C1)C(=O)c1c(OC)cccc1C3=O,-2.385344527
O=C1c2c(O)ccc(O)c2C(=O)c2c(NCC[NH2+]CCO)ccc(NCC[NH2+]CCO)c21,-2.351716055
CNC(=O)c1ccccc1Sc1ccc2c(/C=C/c3ccccn3)n[nH]c2c1,-2.465378082
COc1cc2ncnc(Nc3ccc(F)c(Cl)c3)c2cc1OCCCN1CCOCC1,-2.622360235
CS(=O)(=O)CC[NH2+]Cc1ccc(-c2ccc3ncnc(Nc4ccc(OCc5cccc(F)c5)c(Cl)c4)c3c2)o1,-2.522561507
[H]/N=c1\ncn([C@H]2C[C@H](O)[C@@H](CO)O2)c(=O)[nH]1,-2.679582352
C=C(F)C(=O)N1CCN(c2nc(OC[C@@H]3CCC[N@H+]3C)[nH+]c3c2CCN(c2cccc4cccc(Cl)c24)C3)C[C@@H]1CC#N,-1.674204988
[NH3+]C1(C(=O)N[C@@H](CCO)c2ccc(Cl)cc2)CCN(c2ncnc3[nH]ccc23)CC1,-2.737685851
C=CC(=O)Nc1cc(Nc2nccc(-c3cn(C)c4ccccc34)n2)c(OC)cc1N(C)CC[NH+](C)C,-2.620635606
O=c1[nH]c(=O)n([C@H]2C[C@H](O)[C@@H](CO)O2)cc1C(F)(F)F,-2.815585988
CNC(=O)c1ccc(-c2cnc3ncc(Cc4ccc5ncccc5c4)n3n2)cc1F,-2.681497928
CC#CC(=O)N1CCC[C@H]1c1nc(-c2ccc(C(=O)Nc3ccccn3)cc2)c2c(N)nccn12,-2.70894297
COc1cc(N2CCC([NH+]3CCN(C)CC3)CC2)ccc1Nc1ncc(Cl)c(Nc2ccccc2P(C)(C)=O)n1,-2.762203799
CC(=O)Nc1cccc(-n2c(=O)n(C3CC3)c(=O)c3c(Nc4ccc(I)cc4F)n(C)c(=O)c(C)c32)c1,-2.681524104
CC(=O)[C@]1(N)Cc2c(O)c3c(c(O)c2[C@@H](O[C@H]2C[C@H](O)[C@H](O)CO2)C1)C(=O)c1ccccc1C3=O,-2.350824652
[H]/N=c1\ncn([C@@H]2O[C@H](CO)[C@@H](O)[C@H]2O)c(=O)[nH]1,-2.827301491
COc1ccc(F)cc1C(=O)NCc1ccc(-c2nn([C@@H](C)C(F)(F)F)c(N)c2C(N)=O)cc1,-2.800944955
N#CC[C@H](C1CCCC1)n1cc(-c2ncnc3[nH]ccc23)cn1,-2.403844209
Cc1cnc(Nc2ccc(OCC[NH+]3CCCC3)cc2)nc1Nc1cccc(S(=O)(=O)NC(C)(C)C)c1,-2.654703167
COc1cccc2c1C(=O)c1c(O)c3c(c(O)c1C2=O)C[C@@](O)(C(=O)CO)C[C@@H]3O[C@H]1C[C@H]([NH3+])[C@H](O)[C@H](C)O1,-2.366471341
CCN(c1cc(-c2ccc(C[NH+]3CCOCC3)cc2)cc(C(=O)NCc2c(C)cc(C)[nH]c2=O)c1C)C1CCOCC1,-2.515818308
C=CC(=O)Nc1cc(Nc2nccc(-n3cc(C[NH+](C)C)c(-c4ccccc4)n3)n2)c(OC)cc1N1CCOCC1,-2.674244732
O=C(c1cc(Cc2n[nH]c(=O)c3ccccc23)ccc1F)N1CCN(C(=O)C2CC2)CC1,-2.64512742
CC[NH+]1CCN(c2ccc(Nc3cc(N(C)C(=O)Nc4c(Cl)c(OC)cc(OC)c4Cl)ncn3)cc2)CC1,-2.803639553
CO[C@H]1C(=O)[C@]2(C)[C@@H](OC)C[C@H]3OC[C@@]3(OC(C)=O)[C@H]2[C@H](OC(=O)c2ccccc2)[C@]2(O)C[C@H](OC(=O)[C@H](O)[C@@H](NC(=O)OC(C)(C)C)c3ccccc3)C(C)=C1C2(C)C,-1.504614186
CC(C)C[C@H](NC(=O)[C@H](Cc1ccccc1)NC(=O)c1cnccn1)B(O)O,-2.684758372
C[C@H](Nc1ncnc2[nH]cnc12)c1cc2cccc(Cl)c2c(=O)n1-c1ccccc1,-2.711874209
CN(Cc1cnc2nc(N)nc(N)c2n1)c1ccc(C(=O)N[C@@H](CCC(=O)[O-])C(=O)[O-])cc1,-2.853181859
COc1cc(NS(C)(=O)=O)ccc1Nc1c2ccccc2[nH+]c2ccccc12,-2.44861975
COc1cccc2c1C(=O)c1c(O)c3c(c(O)c1C2=O)C[C@@](O)(C(=O)CO)C[C@@H]3O[C@H]1C[C@H]([NH3+])[C@H](O[C@@H]2CCCCO2)[C@H](C)O1,-2.377714988
Cc1[nH]c2ccccc2c1CC[NH2+]Cc1ccc(/C=C/C(=O)NO)cc1,-2.28322842
CC(=O)O[C@@]12CO[C@@H]1C[C@H](O)[C@@]1(C)C(=O)[C@H](O)C3=C(C)[C@@H](OC(=O)[C@H](O)[C@@H](NC(=O)OC(C)(C)C)c4ccccc4)C[C@@](O)([C@@H](OC(=O)c4ccccc4)[C@H]21)C3(C)C,-1.595214312
C[C@@](O)(CS(=O)(=O)c1ccc(F)cc1)C(=O)Nc1ccc(C#N)c(C(F)(F)F)c1,-2.774914853
NC(=O)c1cccc2cn(-c3ccc([C@@H]4CCC[NH2+]C4)cc3)nc12,-2.800634219
Cc1nc(Nc2ncc(C(=O)Nc3c(C)cccc3Cl)s2)cc(N2CC[NH+](CCO)CC2)n1,-2.665240169
Nc1nc(F)nc2c1ncn2[C@@H]1O[C@H](CO)[C@@H](O)[C@@H]1O,-2.751135195
CO[C@]1(C(=O)N[C@@H](C)c2ccc(-n3cc(F)cn3)nc2)CC[C@@H](c2nc(C)cc(Nc3cc(C)n[nH]3)n2)CC1,-2.565012042
Cc1cc(Nc2ncnc3ccc(/N=C4\NC(C)(C)CO4)cc23)ccc1Oc1ccn2ncnc2c1,-2.459011273
COc1nc(N)nc2c1ncn2[C@@H]1O[C@H](CO)[C@@H](O)[C@@H]1O,-2.809635661
CS(=O)(=O)c1ccc(C(=O)Nc2ccc(Cl)c(-c3ccccn3)c2)c(Cl)c1,-2.752110451
Oc1cccc(-c2c3ccc([nH]3)c(-c3cccc(O)c3)c3[nH+]c(c(-c4cccc(O)c4)c4ccc([nH]4)c(-c4cccc(O)c4)c4nc2CC4)C=C3)c1,-2.403623623
C[C@]12CC[C@@H]3c4ccc(O)cc4C[C@@H](CCCCCCCCC[S@@](=O)CCCC(F)(F)C(F)(F)F)[C@H]3[C@@H]1CC[C@@H]2O,-2.324572463
Cn1nnc2c(C(N)=O)ncn2c1=O,-2.861469511
CC(C)C[C@H](NC(=O)CNC(=O)c1cc(Cl)ccc1Cl)B(O)O,-2.55943279
CC[NH+]1CCN(Cc2ccc(Nc3ncc(F)c(-c4cc(F)c5nc(C)n(C(C)C)c5c4)n3)nc2)CC1,-2.693002618
Nc1nc2[nH]cc(CCc3ccc(C(=O)N[C@@H](CCC(=O)[O-])C(=O)[O-])cc3)c2c(=O)[nH]1,-2.533419635
C[C@@H](Oc1cc(-c2cnn(C3CC[NH2+]CC3)c2)cnc1N)c1c(Cl)ccc(F)c1Cl,-2.72502383
Nc1ccn([C@@H]2O[C@H](CO)[C@@H](O)C2(F)F)c(=O)n1,-2.937642459
CC[C@@]1(O)C(=O)OCc2c1cc1n(c2=O)Cc2cc3c(C[NH+](C)C)c(O)ccc3nc2-1,-2.523717592
Cn1cc(-c2cc3c(N4CCN(c5ncc([C@@](C)(N)c6ccc(F)cc6)cn5)CC4)ncnn3c2)cn1,-1.768093966
C[C@@H](NC(=O)c1ncnc(N)c1Cl)c1ncc(C(=O)Nc2cc(C(F)(F)F)c(Cl)cn2)s1,-2.802103005
CNC(=O)c1ccc(N2C(=S)N(c3cnc(C#N)c(C(F)(F)F)c3)C(=O)C23CCC3)cc1F,-2.693886094
Nc1cccc2c1C(=O)N([C@H]1CCC(=O)NC1=O)C2=O,-2.194656198
C#CC[C@H](Cc1cnc2nc(N)nc(N)c2n1)c1ccc(C(=O)N[C@@H](CCC(=O)[O-])C(=O)[O-])cc1,-2.66514137
C=CC(=O)N1CCC([C@@H]2CCNc3c(C(N)=O)c(-c4ccc(Oc5ccccc5)cc4)nn32)CC1,-2.697330965
CC1(C)CCC(CN2CCN(c3ccc(C(=O)[N-]S(=O)(=O)c4ccc(NCC5CCOCC5)c([N+](=O)[O-])c4)c(Oc4cnc5[nH]ccc5c4)c3)CC2)=C(c2ccc(Cl)cc2)C1,-1.562487329
Cc1nc2ccc(CN(C)c3ccc(C(=O)N[C@@H](CCC(=O)[O-])C(=O)[O-])s3)cc2c(=O)[nH]1,-2.672102088
C[NH+]1CCN(c2ccc(C(=O)Nc3n[nH]c4ccc(Cc5cc(F)cc(F)c5)cc34)c(NC3CCOCC3)c2)CC1,-2.342120462
CCOC(=O)[C@H](Cc1ccc(F)cc1)NC(=O)[C@@H]([NH3+])Cc1ccc(N(CCCl)CCCl)cc1,-2.798259131
CC(=O)[C@@]1(O)CC[C@H]2[C@@H]3C[C@H](C)C4=CC(=O)CC[C@]4(C)[C@H]3CC[C@@]21C,-2.49506485
CC(=O)c1c(C)c2cnc(Nc3ccc(N4CC[NH2+]CC4)c[nH+]3)nc2n(C2CCCC2)c1=O,-2.602623883
Cn1ncnc1[C@H]1c2n[nH]c(=O)c3cc(F)cc(c23)N[C@@H]1c1ccc(F)cc1,-2.595208276
Cc1c(C(=O)Nc2ccc(N3C[C@@H](C)O[C@@H](C)C3)nc2)cccc1-c1ccc(OC(F)(F)F)cc1,-2.724384801
Nc1cccc2c1CN([C@@H]1CCC(=O)NC1=O)C2=O,-2.847084075
CC[C@@]1(O)C(=O)OCc2c1cc1n(c2=O)Cc2c-1nc1ccccc1c2CC[NH2+]C(C)C,-2.544753586
CN(C)C/C=C/C(=O)Nc1cc2c(Nc3ccc(F)c(Cl)c3)ncnc2cc1O[C@H]1CCOC1,-2.49933781
CC[NH+](CC)CCNC(=O)c1c(C)[nH]c(/C=C2\C(=O)Nc3ccc(F)cc32)c1C,-2.526273847
CCCCCCNC(=O)n1cc(F)c(=O)[n-]c1=O,-2.654308655
CC(C)C(=O)Nc1ccc([N+](=O)[O-])c(C(F)(F)F)c1,-2.787153416
Cc1ccc(NC(=O)c2ccc(C[NH+]3CCN(C)CC3)cc2)cc1Nc1nccc(-c2cccnc2)n1,-2.519139054
C[C@H](Nc1ccc2c(c1)OCCn1cc(N3C(=O)OC[C@H]3C(F)F)nc1-2)C(N)=O,-2.880602078
C=CC(=O)N1CCN(c2nc(=O)n(-c3c(C)ccnc3C(C)C)c3nc(-c4c(O)cccc4F)c(F)cc23)[C@@H](C)C1,-2.583012559
Nc1ccn([C@@H]2O[C@H](CO)[C@@H](O)[C@@H]2O)c(=O)n1,-2.699110887
CC(C)Cn1cnc2c(N)nc3ccccc3c21,-2.554470275
O=C(/C=C/c1cccc(S(=O)(=O)Nc2ccccc2)c1)NO,-2.519539876
CO[C@@H]1[C@H](N(C)C(=O)c2ccccc2)C[C@H]2O[C@]1(C)n1c3ccccc3c3c4c(c5c6ccccc6n2c5c31)C(=O)NC4,-2.840276678
COC(=O)N[C@@H](C)CNc1nccc(-c2cn(C(C)C)nc2-c2cc(Cl)cc(NS(C)(=O)=O)c2F)n1,-2.730174315
CC1(C)NC(=O)N(c2ccc([N+](=O)[O-])c(C(F)(F)F)c2)C1=O,-2.737351705
C[C@@H](Nc1nc(N[C@H](C)C(F)(F)F)nc(-c2cccc(Cl)n2)n1)C(F)(F)F,-2.804376487
COc1cc2nccc(Oc3ccc(NC(=O)NC4CC4)c(Cl)c3)c2cc1C(N)=O,-2.65068615
C[C@]12C=CC(=O)C=C1CC[C@@H]1[C@@H]2C(=O)C[C@@]2(C)[C@H]1CC[C@]2(O)C(=O)CO,-2.458698876
CC(C)(C)c1cc(NC(=O)Nc2ccc(-c3cn4c(n3)sc3cc(OCCN5CCOCC5)ccc34)cc2)no1,-2.653449809
O=c1[nH]c(=O)n([C@@H]2CCCO2)cc1F,-2.735945283
COc1cccc2c1C(=O)c1c(O)c3c(c(O)c1C2=O)C[C@@](O)(C(C)=O)C[C@@H]3O[C@H]1C[C@H]([NH3+])[C@H](O)[C@H](C)O1,-2.366471341
CO[C@@]12[C@H](COC(N)=O)C3=C(C(=O)C(C)=C(N)C3=O)N1C[C@@H]1[NH2+][C@@H]12,-2.743415746
CC[C@H](Nc1ncnc2[nH]cnc12)c1nc2cccc(F)c2c(=O)n1-c1ccccc1,-2.638814951
COc1cc2c(Nc3ccc(Br)cc3F)ncnc2cc1OC[C@H]1CC[N@H+](C)CC1,-2.596694059
CCc1cc2c(cc1N1CCC([NH+]3CCOCC3)CC1)C(C)(C)c1[nH]c3cc(C#N)ccc3c1C2=O,-2.469053363
CC(C)(C#N)c1cc(Cn2cncn2)cc(C(C)(C)C#N)c1,-2.536689481
Cc1nc(NC(=O)N2CCC[C@H]2C(N)=O)sc1-c1ccnc(C(C)(C)C(F)(F)F)c1,-2.808505779
C[N@H+]1CC[C@H](COc2cnc(-c3cccc(Cn4nc(-c5cccc(C#N)c5)ccc4=O)c3)nc2)CC1,-2.62096993
Cc1ccc(C(=O)Nc2ccc(C[NH+]3CCN(C)CC3)c(C(F)(F)F)c2)cc1C#Cc1cnc2cccnn12,-2.649999866
C[C@H](Nc1ccc(C#N)n(C)c1=O)c1cc2cc(Cl)ccc2[nH]c1=O,-2.605642951
CS(=O)(=O)c1ccc(Oc2cc(F)cc(C#N)c2)c2c1[C@H](O)[C@H](F)[C@@H]2F,-2.673592654
CC(C)(O)CNc1nc(Nc2ccnc(C(F)(F)F)c2)nc(-c2cccc(C(F)(F)F)n2)n1,-2.870951929
CC[NH2+]CCc1ccc(CN(CC)c2cc(OC)ccc2[C@@H]2CCc3cc(O)ccc3C2)cc1,-2.64742877
COc1cc2nccc(Oc3ccc(NC(=O)Nc4cc(C)on4)c(Cl)c3)c2cc1OC,-2.584465054
O=C(Nc1ccc(OC(F)(F)Cl)cc1)c1cnc(N2CC[C@@H](O)C2)c(-c2ccn[nH]2)c1,-2.792578337
COc1cc2ncnc(Nc3ccc(F)c(Cl)c3)c2cc1NC(=O)/C=C/C[NH+]1CCCCC1,-2.634668732
Nc1nc2[nH]cnc2c(=S)[nH]1,-2.715117812
O=C(CCBr)N1CCN(C(=O)CCBr)CC1,-2.921733037
CCOc1cc2ncc(C#N)c(Nc3ccc(OCc4ccccn4)c(Cl)c3)c2cc1[N-]C(=[OH+])/C=C/C[NH+](C)C,-2.591275083
C[N@H+]1CC[C@@H](NC(=O)Nc2ccc(C#N)cc2)C[C@@H]1c1nc2ccccc2[nH]1,-2.604057243
N#Cc1ccc(C(c2ccc(C#N)cc2)n2cncn2)cc1,-2.644513305
COc1cc(OC)cc(N(CC[NH2+]C(C)C)c2ccc3ncc(-c4cnn(C)c4)nc3c2)c1,-2.620113508
C=C(c1ccc(C(=O)[O-])cc1)c1cc2c(cc1C)C(C)(C)CCC2(C)C,-2.464523633
CC/C(=C(/CC)c1ccc(O)cc1)c1ccc(O)cc1,-2.33768826
CNC(=O)c1ccc(N2C(=S)N(c3ccc(C#N)c(C(F)(F)F)c3)C(=O)C2(C)C)cc1F,-2.800159029
COc1cc(Nc2c(C#N)cnc3cc(OCCCN4CC[NH+](C)CC4)c(OC)cc23)c(Cl)cc1Cl,-2.620927633
C[C@H](O)c1cc(C(=O)N[C@@H](C)Cn2ccc(-c3ccc(C#N)c(Cl)c3)n2)n[nH]1,-2.54661533
CC(C)Oc1ccc(-c2nn([C@@H](C)c3oc4ccc(F)cc4c(=O)c3-c3cccc(F)c3)c3ncnc(N)c23)cc1F,-2.647560094
C[NH2+]Cc1ccc(-c2[nH]c3cc(F)cc4c3c2CCNC4=O)cc1,-2.538146786
CNC(=O)c1cc(Oc2ccc(NC(=O)Nc3ccc(Cl)c(C(F)(F)F)c3)cc2)ccn1,-2.82870437
C=CC(=O)N1CCC[C@@H](n2nc(-c3ccc(Oc4ccccc4)cc3)c3c(N)ncnc32)C1,-2.738028577
CNC(=O)c1c(C)oc2cc(Oc3ncnc4cc(OC)c(OC)cc34)ccc12,-2.631889652
CN(C)c1nc(N(C)C)nc(N(C)C)n1,-2.913809764
[NH-][C@@H]1CCCC[C@H]1[NH-],-2.477066591
CC[C@]1(O)C[C@@H]2C[N@H+](CCc3c([nH]c4ccccc34)[C@@](C(=O)OC)(c3cc4c(cc3OC)N(C)[C@H]3[C@@](O)(C(=O)OC)[C@H](OC(C)=O)[C@]5(CC)C=CC[N@H+]6CC[C@]43[C@@H]65)C2)C1,-2.528379641
O=C1CC[C@@H](N2C(=O)c3ccccc3C2=O)C(=O)N1,-2.902501503
O=c1[n-]cc(F)c(=O)[nH]1,-2.858565427
O=C(/C=C\n1cnc(-c2cc(C(F)(F)F)cc(C(F)(F)F)c2)n1)NNc1cnccn1,-2.780729002
CNC(=O)c1cc(Oc2ccc(NC(=O)Nc3ccc(Cl)c(C(F)(F)F)c3)c(F)c2)ccn1,-2.776529326
CO[C@H]1O[C@H](CNC(=O)N(CCCl)N=O)[C@@H](O)[C@H](O)[C@H]1O,-2.754919194
CCC(=O)O[C@@H]1CC[C@@H](C[C@@H](C)[C@@H]2CC(=O)C/C=C/CCC(=O)CCC/C=C/C=C/C=C/CC[C@@H]3CC[C@@H](C)[C@@](O)(O3)C(=O)C(=O)N3CCCC[C@H]3C(=O)O2)C[C@H]1OC,-2.600807567
CCN1C(=O)N(c2c(F)c(OC)cc(OC)c2F)Cc2cnc3[nH]c(CN4CCOCC4)cc3c21,-2.68175149
C[C@]12CC[C@H](O)CC1=CC[C@@H]1[C@@H]2CC[C@]2(C)C(c3cccnc3)=CC[C@@H]12,-2.705297343
CC/C(=C(\c1ccccc1)c1ccc(OCC[NH+](C)C)cc1)c1ccccc1,-2.380178686
Cc1cc(Nc2ncc(Cl)c(Nc3ccccc3S(=O)(=O)C(C)C)n2)c(OC(C)C)cc1C1CC[NH2+]CC1,-2.693221517
COc1cc([C@@H]2c3cc4c(cc3[C@@H](O[C@@H]3O[C@@H]5CO[C@@H](C)O[C@H]5[C@H](O)[C@H]3O)[C@H]3COC(=O)[C@H]23)OCO4)cc(OC)c1O,-2.512470587
C[NH+](C)CCOc1ccc(/C(=C(/CCCl)c2ccccc2)c2ccccc2)cc1,-2.365349019
COC(=O)c1ccc2c(/C(=N/c3ccc(N(C)C(=O)CN4CC[NH+](C)CC4)cc3)c3ccccc3)c([O-])[nH]c2c1,-2.574137064
[NH3+]CCc1cnc[nH]1,-2.788483563
C[C@H]1CNC(=O)c2cnn3ccc(nc23)N[C@H](C)c2cc(F)ccc2O1,-2.546852651
CC(C)(C)c1nc(-c2cccc([N-]S(=O)(=O)c3c(F)cccc3F)c2F)c(-c2ccnc(N)n2)s1,-2.663316851
Cn1c(CCCC(=O)[O-])nc2cc(N(CCCl)CCCl)ccc21,-2.737557769
CCCCCOC(=O)Nc1nc(=O)n([C@@H]2O[C@H](C)[C@@H](O)[C@H]2O)cc1F,-2.754822246
NC(=[NH2+])NCc1cccc([131I])c1,-2.556202857
C=C1C[C@@H]2[C@H](CC[C@]3(C)C(=O)CC[C@@H]23)[C@@]2(C)C=CC(=O)C=C12,-2.476073776
S=c1[nH]cnc2nc[nH]c12,-2.669943545
N[C@@](CCC[NH3+])(C(=O)[O-])C(F)F,-2.628252591
CCc1nc(C(N)=O)c(Nc2ccc(N3CCC([NH+]4CCN(C)CC4)CC3)c(OC)c2)nc1NC1CCOCC1,-2.489409138
CNNCc1ccc(C(=O)NC(C)C)cc1,-2.60800105
[NH3+][C@@H](Cc1ccc(N(CCCl)CCCl)cc1)C(=O)[O-],-2.862140179
CC1=C(/C=C/C(C)=C/C=C/C(C)=C/C(=O)[O-])C(C)(C)CCC1,-2.460753291
NC(=O)NO,-2.606111713
C[C@]1(O)CC[C@H]2[C@@H]3CCC4=CC(=O)CC[C@]4(C)[C@@]3(F)[C@@H](O)C[C@@]21C,-2.29073993
CN(N=O)C(=O)N[C@@H]1[C@@H](O)[C@H](O)[C@@H](CO)O[C@@H]1O,-2.782738784
CN(C)/N=N/c1[nH]cnc1C(N)=O,-2.84378351
O=[P@]1(N(CCCl)CCCl)NCCCO1,-2.936169618
C/C(=C\c1csc(C)n1)[C@@H]1C[C@@H]2O[C@]2(C)CCC[C@H](C)[C@H](O)[C@@H](C)C(=O)C(C)(C)[C@@H](O)CC(=O)N1,-2.502023679
COc1cc2c(cc1O)CCN[C@]21CS[C@@H]2c3c(OC(C)=O)c(C)c4c(c3[C@H](COC1=O)N1[C@@H]2[C@H]2c3c(cc(C)c(OC)c3O)C[C@@H]([C@@H]1O)N2C)OCO4,-2.096469803
O=C([O-])CCCc1ccc(N(CCCl)CCCl)cc1,-2.773566267
CC1=C(/C=C/C(C)=C\C=C\C(C)=C\C(=O)[O-])C(C)(C)CCC1,-2.460753291
O=C([O-])C1(C(=O)O)CCC1,-2.523705233
C[C@H]1Oc2cc(c[nH+]c2N)-c2c(nn(C)c2C#N)CN(C)C(=O)c2ccc(F)cc21,-2.784354159
O=NN(CCCl)C(=O)NC1CCCCC1,-2.683754533
CCc1c2c(nc3ccc(OC(=O)N4CCC([NH+]5CCCCC5)CC4)cc13)-c1cc3c(c(=O)n1C2)COC(=O)[C@]3(O)CC,-2.514753976
CCC[C@H](N[C@H]1CCc2cc(F)cc(F)c2C1)C(=O)Nc1cn(C(C)(C)C[NH2+]CC(C)(C)C)cn1,-2.719978227
O=[P@]1(NCCCl)OCCCN1CCCl,-2.936169618
C[C@@H]1C[C@H]2[C@@H]3CCC4=CC(=O)C=C[C@]4(C)[C@@]3(F)[C@@H](O)C[C@]2(C)[C@@]1(O)C(=O)CO,-2.475822248
O=C(c1ccc(F)c(F)c1Nc1ccc(I)cc1F)N1CC(O)([C@@H]2CCCC[NH2+]2)C1,-2.665034969
CC[C@]12C=CCN3CC[C@@]4(c5cc([C@@]6(C(=O)OC)C[C@@H]7C[C@@H](C(C)(F)F)C[N@H+](Cc8c6[nH]c6ccccc86)C7)c(OC)cc5N(C)[C@H]4[C@@](O)(C(=O)OC)[C@@H]1OC(C)=O)[C@@H]32,-2.503671204
C=C1C[C@@H]2CC[C@@]34C[C@H]5O[C@H]6[C@@H](O3)[C@H]3O[C@H](CC[C@@H]3O[C@H]6[C@H]5O4)CC(=O)C[C@@H]3[C@@H](OC)[C@@H](C[C@H](O)C[NH3+])O[C@H]3C[C@H]3O[C@@H](CC[C@@H]1O2)C[C@@H](C)C3=C,-2.384030385
O=NN(CCCl)C(=O)NCCCl,-2.777205391
C[C@]12CC[C@@H]3c4ccc(OC(=O)N(CCCl)CCCl)cc4CC[C@H]3[C@@H]1CC[C@@H]2O,-2.16456535
CCOP(=O)(OCC)[C@H](C)NC(=O)N(CCCl)N=O,-2.788303298
O=[P@]1(N(CCCl)CCCl)OCCCN1CCCl,-2.905237568
C[C@]12C=CC(=O)C=C1CC[C@@H]1[C@@H]2[C@@H](O)C[C@@]2(C)[C@H]1CC[C@]2(O)C(=O)CO,-2.506624171
C/C=C1\NC(=O)[C@H]2CSSCC/C=C/[C@H](CC(=O)N[C@H](C(C)C)C(=O)N2)OC(=O)[C@H](C(C)C)NC1=O,-2.452052402
CC(=O)O[C@H]1C(=O)[C@@]2(C)[C@H]([C@H](OC(=O)c3ccccc3)[C@]3(O)C[C@H](OC(=O)[C@H](O)[C@@H](NC(=O)c4ccccc4)c4ccccc4)C(C)=C1C3(C)C)[C@]1(OC(C)=O)CO[C@@H]1C[C@@H]2O,-1.503364798
CS(=O)(=O)OCCCCOS(C)(=O)=O,-2.576084977
CC(=O)O[C@]1(C(C)=O)CC[C@H]2[C@@H]3C=C(C)C4=CC(=O)CC[C@]4(C)[C@H]3CC[C@@]21C,-2.465920802
COc1c(OCCCN2CCOCC2)ccc2c3[n+](c(NC(=O)c4cnc(N)nc4)nc12)CCN3,-2.683434769
CC[C@]1(O)C[C@H]2CN(CCc3c([nH]c4ccccc34)[C@@](C(=O)OC)(c3cc4c(cc3OC)N(C)[C@H]3[C@@](O)(C(N)=O)[C@H](O)[C@]5(CC)C=CC[N@H+]6CC[C@]43[C@@H]65)C2)C1,-2.517081457
COC(=O)C[C@](O)(CCCC(C)(C)O)C(=O)O[C@@H]1C(OC)=C[C@]23CCCN2CCc2cc4c(cc2[C@H]13)OCO4,-2.76928891
CC[C@]1(O)C[C@H]2CN(CCc3c([nH]c4ccccc34)[C@@](C(=O)OC)(c3cc4c(cc3OC)N(C=O)[C@H]3[C@@](O)(C(=O)OC)[C@H](OC(C)=O)[C@]5(CC)C=CC[N@@H+]6CC[C@]43[C@@H]65)C2)C1,-2.528379641
[NH3+]CC(=O)CCC(=O)[O-],-2.599062001
CCC1=C[C@@H]2C[N@H+](C1)Cc1c([nH]c3ccccc13)[C@@](C(=O)OC)(c1cc3c(cc1OC)N(C)[C@H]1[C@@](O)(C(=O)OC)[C@H](OC(C)=O)[C@]4(CC)C=CC[N@H+]5CC[C@]31[C@@H]54)C2,-2.708286915
N#Cc1ccnc(N2C(=O)CC[C@H]2C(=O)N(c2cncc(F)c2)[C@H](C(=O)NC2CC(F)(F)C2)c2ccccc2Cl)c1,-2.684978473
S=P(N1CC1)(N1CC1)N1CC1,-2.788653447
CN(CCCl)CCCl,-2.86285969
O=C(CCCCCCC(=O)Nc1ccccc1)NO,-2.490670236
